# of peptides	Time (s)	Iters
50	0.09627890586853027	4
51	0.074005126953125	4
52	0.07690215110778809	4
53	0.07901215553283691	4
54	0.08233213424682617	4
55	0.0851600170135498	4
56	0.0883781909942627	4
57	0.09088611602783203	4
58	0.09404897689819336	4
59	0.09729409217834473	4
60	0.1000661849975586	4
61	0.10414886474609375	4
62	0.10680508613586426	4
63	0.11007809638977051	4
64	0.11320185661315918	4
65	0.11640095710754395	4
66	0.12453198432922363	4
67	0.12729477882385254	4
68	0.12680506706237793	4
69	0.1307971477508545	4
70	0.13528132438659668	4
71	0.13792824745178223	4
72	0.14135289192199707	4
73	0.14555978775024414	4
74	0.14896416664123535	4
75	0.16032195091247559	4
76	0.15760493278503418	4
77	0.1609959602355957	4
78	0.16460514068603516	4
79	0.17479395866394043	4
80	0.1747732162475586	4
81	0.1784040927886963	4
82	0.18224287033081055	4
83	0.18523192405700684	4
84	0.1905231475830078	4
85	0.1950981616973877	4
86	0.19899392127990723	4
87	0.2031400203704834	4
88	0.20766997337341309	4
89	0.21143603324890137	4
90	0.21617603302001953	4
91	0.22151803970336914	4
92	0.2257528305053711	4
93	0.22965216636657715	4
94	0.23434805870056152	4
95	0.24086809158325195	4
96	0.24459123611450195	4
97	0.24890398979187012	4
98	0.26235103607177734	4
99	0.26006484031677246	4
100	0.26487207412719727	4
101	0.2713479995727539	4
102	0.276278018951416	4
103	0.2806117534637451	4
104	0.286761999130249	4
105	0.2914609909057617	4
106	0.2961258888244629	4
107	0.301116943359375	4
108	0.31595277786254883	4
109	0.31295108795166016	4
110	0.3179020881652832	4
111	0.32477712631225586	4
112	0.33760619163513184	4
113	0.33585596084594727	4
114	0.3410499095916748	4
115	0.3464682102203369	4
116	0.3522682189941406	4
117	0.3579220771789551	4
118	0.36623215675354004	4
119	0.37017822265625	4
120	0.37684178352355957	4
121	0.3835928440093994	4
122	0.3899650573730469	4
123	0.39670705795288086	4
124	0.40322113037109375	4
125	0.4066298007965088	4
126	0.4138178825378418	4
127	0.4204232692718506	4
128	0.4269437789916992	4
129	0.43422889709472656	4
130	0.44127488136291504	4
131	0.44617700576782227	4
132	0.4530918598175049	4
133	0.4615471363067627	4
134	0.4687190055847168	4
135	0.4726231098175049	4
136	0.49758005142211914	4
137	0.4975249767303467	4
138	0.4940917491912842	4
139	0.5112168788909912	4
140	0.506519079208374	4
141	0.5193212032318115	4
142	0.5236141681671143	4
143	0.5305008888244629	4
144	0.5363729000091553	4
145	0.5523250102996826	4
146	0.5511410236358643	4
147	0.5580878257751465	4
148	0.5662128925323486	4
149	0.5730321407318115	4
150	0.5812618732452393	4
151	0.5917301177978516	4
152	0.5982389450073242	4
153	0.6021299362182617	4
154	0.611853837966919	4
155	0.6193420886993408	4
156	0.6336779594421387	4
157	0.6331591606140137	4
158	0.6424210071563721	4
159	0.6498370170593262	4
160	0.6580970287322998	4
161	0.6718063354492188	4
162	0.6749413013458252	4
163	0.6857800483703613	4
164	0.6947741508483887	4
165	0.6988730430603027	4
166	0.7160360813140869	4
167	0.7223410606384277	4
168	0.7274007797241211	4
169	0.7416911125183105	4
170	0.7406163215637207	4
171	0.7513370513916016	4
172	0.7629091739654541	4
173	0.7683401107788086	4
174	0.7760841846466064	4
175	0.7846229076385498	4
176	0.7957119941711426	4
177	0.8098292350769043	4
178	0.8113360404968262	4
179	0.8317790031433105	4
180	0.8313360214233398	4
181	0.8510138988494873	4
182	0.8474388122558594	4
183	0.8578708171844482	4
184	0.873892068862915	4
185	0.8867340087890625	4
186	0.909214973449707	4
187	0.8965590000152588	4
188	0.9064798355102539	4
189	0.9284632205963135	4
190	0.9235372543334961	4
191	0.933434009552002	4
192	0.9523541927337646	4
193	0.9534950256347656	4
194	0.9643592834472656	4
195	0.9727323055267334	4
196	0.9914748668670654	4
197	0.9946072101593018	4
198	1.016446828842163	4
199	1.0130980014801025	4
200	1.0325989723205566	4
201	1.0496208667755127	4
202	1.0460889339447021	4
203	1.0704877376556396	4
204	1.0615949630737305	4
205	1.0905020236968994	4
206	1.0866167545318604	4
207	1.1121962070465088	4
208	1.1019937992095947	4
209	1.1323370933532715	4
210	1.1220009326934814	4
211	1.1525108814239502	4
212	1.144895315170288	4
213	1.15730619430542	4
214	1.1791024208068848	4
215	1.1891040802001953	4
216	1.202866792678833	4
217	1.2089037895202637	4
218	1.2131502628326416	4
219	1.2214720249176025	4
220	1.241744041442871	4
221	1.2425920963287354	4
222	1.2655160427093506	4
223	1.2665998935699463	4
224	1.3029379844665527	4
225	1.289686918258667	4
226	1.3036706447601318	4
227	1.3220758438110352	4
228	1.3201508522033691	4
229	1.3536970615386963	4
230	1.3416662216186523	4
231	1.3762240409851074	4
232	1.3642561435699463	4
233	1.3976178169250488	4
234	1.3869760036468506	4
235	1.4210588932037354	4
236	1.4113011360168457	4
237	1.434088945388794	4
238	1.4352800846099854	4
239	1.468047857284546	4
240	1.4591240882873535	4
241	1.4711449146270752	4
242	1.490272045135498	4
243	1.4968960285186768	4
244	1.5118117332458496	4
245	1.524691104888916	4
246	1.5324242115020752	4
247	1.5434370040893555	4
248	1.5670058727264404	4
249	1.5665957927703857	4
250	1.5883939266204834	4
251	1.5933120250701904	4
252	1.6201579570770264	4
253	1.6160860061645508	4
254	1.6298511028289795	4
255	1.6401550769805908	4
256	1.6616768836975098	4
257	1.6749181747436523	4
258	1.6797471046447754	4
259	1.7001149654388428	4
260	1.701059103012085	4
261	1.7149968147277832	4
262	1.733637809753418	4
263	1.741938829421997	4
264	1.762249231338501	4
265	1.7765800952911377	4
266	1.7892746925354004	4
267	1.7941999435424805	4
268	1.8167712688446045	4
269	1.8220829963684082	4
270	1.8348040580749512	4
271	1.8488681316375732	4
272	1.8608310222625732	4
273	1.881598949432373	4
274	1.889056921005249	4
275	1.9034972190856934	4
276	1.9279439449310303	4
277	1.9378180503845215	4
278	1.9432430267333984	4
279	1.9700310230255127	4
280	1.9892408847808838	4
281	1.988400936126709	4
282	1.9995019435882568	4
283	2.0194029808044434	4
284	2.0269570350646973	4
285	2.0419538021087646	4
286	2.052396059036255	4
287	2.0770387649536133	4
288	2.0813698768615723	4
289	2.115462303161621	4
290	2.1131739616394043	4
291	2.1320600509643555	4
292	2.139484167098999	4
293	2.1611950397491455	4
294	2.1750271320343018	4
295	2.212268114089966	4
296	2.2025249004364014	4
297	2.228163003921509	4
298	2.237783908843994	4
299	2.258214235305786	4
300	2.2599849700927734	4
301	2.2701470851898193	4
302	2.3047330379486084	4
303	2.320631980895996	4
304	2.3633158206939697	4
305	2.3487510681152344	4
306	2.360469102859497	4
307	2.3821299076080322	4
308	2.381852865219116	4
309	2.409029245376587	4
310	2.419063091278076	4
311	2.4437379837036133	4
312	2.677373170852661	4
313	2.476654052734375	4
314	2.5089797973632812	4
315	2.5155322551727295	4
316	2.5233218669891357	4
317	2.5380311012268066	4
318	2.5603137016296387	4
319	2.5699362754821777	4
320	2.5788371562957764	4
321	2.6028711795806885	4
322	2.637021064758301	4
323	2.6325771808624268	4
324	2.6340458393096924	4
325	2.67106294631958	4
326	2.695765972137451	4
327	2.6979360580444336	4
328	2.7280349731445312	4
329	2.7336437702178955	4
330	2.809875011444092	4
331	3.0322391986846924	4
332	2.9661688804626465	4
333	3.0197391510009766	4
334	2.9925310611724854	4
335	3.0292510986328125	4
336	3.0277562141418457	4
337	3.077565908432007	4
338	3.0886127948760986	4
339	3.1262669563293457	4
340	3.1107020378112793	4
341	3.0286362171173096	4
342	2.9898781776428223	4
343	3.052124261856079	4
344	3.0639069080352783	4
345	3.0379841327667236	4
346	3.0082287788391113	4
347	3.052194118499756	4
348	3.028079032897949	4
349	3.072923183441162	4
350	3.0696709156036377	4
351	3.1032910346984863	4
352	3.0953047275543213	4
353	3.120565891265869	4
354	3.1642801761627197	4
355	3.151888847351074	4
356	3.173563003540039	4
357	3.1869781017303467	4
358	3.2421531677246094	4
359	3.2318389415740967	4
360	3.2515242099761963	4
361	3.2718029022216797	4
362	3.2781922817230225	4
363	3.2917869091033936	4
364	3.4939682483673096	4
365	3.332212209701538	4
366	3.3660049438476562	4
367	3.364435911178589	4
368	3.4229609966278076	4
369	3.4076972007751465	4
370	3.42385196685791	4
371	3.444553852081299	4
372	3.475235939025879	4
373	3.4827880859375	4
374	3.5108070373535156	4
375	3.5162429809570312	4
376	3.5335237979888916	4
377	3.567502021789551	4
378	3.5772910118103027	4
379	3.594102144241333	4
380	3.6046810150146484	4
381	3.6269679069519043	4
382	3.64372181892395	4
383	3.6679301261901855	4
384	3.6822640895843506	4
385	3.7103331089019775	4
386	3.7305800914764404	4
387	3.738326072692871	4
388	3.7673349380493164	4
389	3.7774460315704346	4
390	3.7970499992370605	4
391	3.824795961380005	4
392	3.8335649967193604	4
393	3.8587100505828857	4
394	3.8865818977355957	4
395	3.892524003982544	4
396	3.9186770915985107	4
397	3.9313740730285645	4
398	3.9536781311035156	4
399	3.9718432426452637	4
400	3.9906129837036133	4
401	4.010225772857666	4
402	4.031100034713745	4
403	4.048673868179321	4
404	4.06599497795105	4
405	4.1156580448150635	4
406	4.116477966308594	4
407	4.141922950744629	4
408	4.181421756744385	4
409	4.231015920639038	4
410	4.208698987960815	4
411	4.220522880554199	4
412	4.239881992340088	4
413	4.2496702671051025	4
414	4.276134967803955	4
415	4.305285930633545	4
416	4.320169925689697	4
417	4.3535380363464355	4
418	4.352840900421143	4
419	4.375344753265381	4
420	4.412605047225952	4
421	4.422895193099976	4
422	4.442341089248657	4
423	4.470136880874634	4
424	4.483515024185181	4
425	4.523225784301758	4
426	4.517665147781372	4
427	4.568004846572876	4
428	4.564046859741211	4
429	4.619185924530029	4
430	4.616700172424316	4
431	4.639941930770874	4
432	4.644585371017456	4
433	4.685457944869995	4
434	4.691590309143066	4
435	4.731549024581909	4
436	4.7425148487091064	4
437	4.764791011810303	4
438	4.780087232589722	4
439	4.801177978515625	4
440	4.835361003875732	4
441	4.845237970352173	4
442	4.873948812484741	4
443	4.8952789306640625	4
444	4.907642841339111	4
445	4.932494163513184	4
446	4.954484939575195	4
447	5.000449895858765	4
448	5.00457501411438	4
449	5.052506923675537	4
450	5.043169021606445	4
451	5.07192587852478	4
452	5.082150936126709	4
453	5.13333797454834	4
454	5.144515037536621	4
455	5.196621894836426	4
456	5.175810098648071	4
457	5.236697196960449	4
458	5.242353916168213	4
459	5.278895139694214	4
460	5.265244960784912	4
461	5.29228401184082	4
462	5.339847803115845	4
463	5.346106052398682	4
464	5.367600917816162	4
465	5.4044029712677	4
466	5.401477813720703	4
467	5.4332520961761475	4
468	5.488121032714844	4
469	5.4863200187683105	4
470	5.504863977432251	4
471	5.532048940658569	4
472	5.5409910678863525	4
473	5.588943958282471	4
474	5.621429920196533	4
475	5.617592811584473	4
476	5.636792182922363	4
477	5.669146776199341	4
478	5.703266143798828	4
479	5.719160795211792	4
480	5.742085218429565	4
481	5.755616903305054	4
482	5.795548915863037	4
483	5.844437837600708	4
484	5.845798969268799	4
485	5.844994068145752	4
486	5.921510219573975	4
487	5.896365165710449	4
488	5.921309947967529	4
489	5.94881272315979	4
490	5.97887396812439	4
491	5.996276140213013	4
492	6.036763906478882	4
493	6.041334867477417	4
494	6.068553924560547	4
495	6.092232942581177	4
496	6.134495973587036	4
497	6.149249076843262	4
498	6.162782192230225	4
499	6.194682836532593	4
500	6.216511011123657	4
501	6.254889965057373	4
502	6.271396160125732	4
503	6.294064998626709	4
504	6.321651935577393	4
505	6.353918790817261	4
506	6.365797758102417	4
507	6.378455877304077	4
508	6.4129579067230225	4
509	6.482312917709351	4
510	6.466910123825073	4
511	6.502409934997559	4
512	6.5123291015625	4
513	6.54090428352356	4
514	6.561234951019287	4
515	6.602025032043457	4
516	6.610554933547974	4
517	6.640992164611816	4
518	6.706071138381958	4
519	6.697979211807251	4
520	6.769119024276733	4
521	6.7771079540252686	4
522	6.790904760360718	4
523	6.854921102523804	4
524	6.836668968200684	4
525	6.875855922698975	4
526	6.900298833847046	4
527	6.912307977676392	4
528	6.93503999710083	4
529	6.969862937927246	4
530	6.997862100601196	4
531	7.011989116668701	4
532	7.045005798339844	4
533	7.061110019683838	4
534	7.086479902267456	4
535	7.1230456829071045	4
536	7.192368030548096	4
537	7.209015846252441	4
538	7.211992263793945	4
539	7.257512807846069	4
540	7.327585935592651	4
541	7.2801032066345215	4
542	7.300524711608887	4
543	7.326143980026245	4
544	7.3548970222473145	4
545	7.400520324707031	4
546	7.408589124679565	4
547	7.432262897491455	4
548	7.4559690952301025	4
549	7.50924277305603	4
550	7.510108709335327	4
551	7.5406060218811035	4
552	7.5831427574157715	4
553	7.651503801345825	4
554	7.614227056503296	4
555	7.646448135375977	4
556	7.6824140548706055	4
557	7.711344957351685	4
558	7.743843078613281	4
559	7.793848037719727	4
560	7.800533056259155	4
561	7.8363120555877686	4
562	7.848077058792114	4
563	7.88228702545166	4
564	7.8966710567474365	4
565	7.944237947463989	4
566	7.953680992126465	4
567	7.985479831695557	4
568	8.026439189910889	4
569	8.081985712051392	4
570	8.067633867263794	4
571	8.168839931488037	4
572	8.120594024658203	4
573	8.16525387763977	4
574	8.198024034500122	4
575	8.233673334121704	4
576	8.26348876953125	4
577	8.268155813217163	4
578	8.297909021377563	4
579	8.333397150039673	4
580	8.34283185005188	4
581	8.385095834732056	4
582	8.409591913223267	4
583	8.463962078094482	4
584	8.464988231658936	4
585	8.506185054779053	4
586	8.517221689224243	4
587	8.610821962356567	4
588	8.57948637008667	4
589	8.707968950271606	4
590	8.667530298233032	4
591	8.665382862091064	4
592	8.703958749771118	4
593	8.752530813217163	4
594	8.806838989257812	4
595	8.837629079818726	4
596	8.815109968185425	4
597	8.869956731796265	4
598	8.891148090362549	4
599	8.92238998413086	4
600	8.92794919013977	4
601	8.961594104766846	4
602	8.993360996246338	4
603	9.102612972259521	4
604	9.06632113456726	4
605	9.167895078659058	4
606	9.11310076713562	4
607	9.146970272064209	4
608	9.161336183547974	4
609	9.208837747573853	4
610	9.259397029876709	4
611	9.269402742385864	4
612	9.283804893493652	4
613	9.325042247772217	4
614	9.340599060058594	4
615	9.396629095077515	4
616	9.421471118927002	4
617	9.467589855194092	4
618	9.475780725479126	4
619	9.581747055053711	4
620	9.571656942367554	4
621	9.568716049194336	4
622	9.616632223129272	4
623	9.684792041778564	4
624	9.672712087631226	4
625	9.700878143310547	4
626	9.809206008911133	4
627	9.756949186325073	4
628	9.829187154769897	4
629	9.837841987609863	4
630	9.84412693977356	4
631	9.884422302246094	4
632	9.909811973571777	4
633	9.947611093521118	4
634	10.022191047668457	4
635	10.064332723617554	4
636	10.02637004852295	4
637	10.068490028381348	4
638	10.143415927886963	4
639	10.17129898071289	4
640	10.278350830078125	4
641	10.226123094558716	4
642	10.236799955368042	4
643	10.277728796005249	4
644	10.325648307800293	4
645	10.311807870864868	4
646	10.443412065505981	4
647	10.404680967330933	4
648	10.427580833435059	4
649	10.44558310508728	4
650	10.552976846694946	4
651	10.560051918029785	4
652	10.606631994247437	4
653	10.599074840545654	4
654	10.608808040618896	4
655	10.636075973510742	4
656	10.822437763214111	4
657	10.752349853515625	4
658	10.757593154907227	4
659	10.771216869354248	4
660	10.814046144485474	4
661	10.861633062362671	4
662	10.880730867385864	4
663	10.903867959976196	4
664	10.955328226089478	4
665	10.959489107131958	4
666	11.019000768661499	4
667	11.074748039245605	4
668	11.064257144927979	4
669	11.097345113754272	4
670	11.144381046295166	4
671	11.173943996429443	4
672	11.207454204559326	4
673	11.254969835281372	4
674	11.273128986358643	4
675	11.306644916534424	4
676	11.459977865219116	4
677	11.370341062545776	4
678	11.40887975692749	4
679	11.469699144363403	4
680	11.489476680755615	4
681	11.479512214660645	4
682	11.835505723953247	4
683	11.864289999008179	4
684	12.107460260391235	4
685	11.825589895248413	4
686	11.732847929000854	4
687	11.688163757324219	4
688	11.744701862335205	4
689	11.759445905685425	4
690	11.808786153793335	4
691	11.818095922470093	4
692	11.865555763244629	4
693	11.874703168869019	4
694	11.932327270507812	4
695	12.00145673751831	4
696	12.020942211151123	4
697	12.015507221221924	4
698	12.071376085281372	4
699	12.110700130462646	4
700	12.14526081085205	4
701	12.16864013671875	4
702	12.197137832641602	4
703	12.212999820709229	4
704	12.25836992263794	4
705	12.325520038604736	4
706	12.32359004020691	4
707	12.49427318572998	4
708	12.402580976486206	4
709	12.480853080749512	4
710	12.510533809661865	4
711	12.538893699645996	4
712	12.556915760040283	4
713	12.662116050720215	4
714	12.629853010177612	4
715	12.695523023605347	4
716	12.683347225189209	4
717	12.722420930862427	4
718	12.90356183052063	4
719	12.855806112289429	4
720	13.016171932220459	4
721	12.866394996643066	4
722	13.022723197937012	4
723	12.937402963638306	4
724	13.16177773475647	4
725	13.00033712387085	4
726	13.083787202835083	4
727	13.154126644134521	4
728	13.234247922897339	4
729	13.193112850189209	4
730	13.23071002960205	4
731	13.238250970840454	4
732	13.306440830230713	4
733	13.32904577255249	4
734	13.372766017913818	4
735	13.365412950515747	4
736	13.411517858505249	4
737	13.44472885131836	4
738	13.597424030303955	4
739	13.546006917953491	4
740	13.569721221923828	4
741	13.596407175064087	4
742	13.771323919296265	4
743	13.677368879318237	4
744	13.722494840621948	4
745	13.84476375579834	4
746	13.861088037490845	4
747	13.828366756439209	4
748	13.865764856338501	4
749	13.9149649143219	4
750	13.940456867218018	4
751	14.066966772079468	4
752	14.117210149765015	4
753	14.141144037246704	4
754	14.11238980293274	4
755	14.214814901351929	4
756	14.163218021392822	4
757	14.286164999008179	4
758	14.229322910308838	4
759	14.286480903625488	4
760	14.334882020950317	4
761	14.332433223724365	4
762	14.396247863769531	4
763	14.47780990600586	4
764	14.598307847976685	4
765	14.487323999404907	4
766	14.515450239181519	4
767	14.664272785186768	4
768	14.760696172714233	4
769	14.738189220428467	4
770	14.738412141799927	4
771	14.879787921905518	4
772	14.770071029663086	4
773	14.78721308708191	4
774	14.975865125656128	4
775	15.03044581413269	4
776	15.037818908691406	4
777	14.953035116195679	4
778	14.975358009338379	4
779	15.057410955429077	4
780	15.058872938156128	4
781	15.112517833709717	4
782	15.173599004745483	4
783	15.26933217048645	4
784	15.23446798324585	4
785	15.324279069900513	4
786	15.363182067871094	4
787	15.387181997299194	4
788	15.414799928665161	4
789	15.510550022125244	4
790	15.463030099868774	4
791	15.514779806137085	4
792	15.536957740783691	4
793	15.586685180664062	4
794	15.662566900253296	4
795	15.812235832214355	4
796	15.716009855270386	4
797	15.75120997428894	4
798	15.818206071853638	4
799	15.93255090713501	4
800	15.8696608543396	4
801	16.010703086853027	4
802	16.184917211532593	4
803	15.981775999069214	4
804	16.04805278778076	4
805	16.050626039505005	4
806	16.159411907196045	4
807	16.269906044006348	4
808	16.23391628265381	4
809	16.215089321136475	4
810	16.46343493461609	4
811	16.408379316329956	4
812	16.398184061050415	4
813	16.407906770706177	4
814	16.53556990623474	4
815	16.47302222251892	4
816	16.53707981109619	4
817	16.566175937652588	4
818	16.718834400177002	4
819	16.674035787582397	4
820	16.694343090057373	4
821	16.714030981063843	4
822	16.810888051986694	4
823	16.851129055023193	4
824	17.07672691345215	4
825	16.86171293258667	4
826	17.22005867958069	4
827	16.97284984588623	4
828	17.044814109802246	4
829	17.051080226898193	4
830	17.174107789993286	4
831	17.15616464614868	4
832	17.27467703819275	4
833	17.193789958953857	4
834	17.29386329650879	4
835	17.384277820587158	4
836	17.36630392074585	4
837	17.452641010284424	4
838	17.526833057403564	4
839	17.55672311782837	4
840	17.57938814163208	4
841	17.53860592842102	4
842	17.81593918800354	4
843	17.8296000957489	4
844	17.746193885803223	4
845	17.791025161743164	4
846	18.02960205078125	4
847	17.831552028656006	4
848	18.15483808517456	4
849	18.02105188369751	4
850	17.96887707710266	4
851	17.980454921722412	4
852	18.404836893081665	4
853	18.074901819229126	4
854	18.35592293739319	4
855	18.154727935791016	4
856	18.312809944152832	4
857	18.232534885406494	4
858	18.61421799659729	4
859	18.320313930511475	4
860	18.47388505935669	4
861	18.44049596786499	4
862	18.513760805130005	4
863	18.533457040786743	4
864	18.65070104598999	4
865	18.616047143936157	4
866	18.87477707862854	4
867	18.769651889801025	4
868	18.86831307411194	4
869	18.762623071670532	4
870	18.82086706161499	4
871	18.83359384536743	4
872	19.103924036026	4
873	18.932799100875854	4
874	19.05018186569214	4
875	19.100361108779907	4
876	19.324426889419556	4
877	19.176127910614014	4
878	19.414103746414185	4
879	19.189958095550537	4
880	19.51927614212036	4
881	19.407402992248535	4
882	19.450606107711792	4
883	19.46239995956421	4
884	19.52827000617981	4
885	19.513778924942017	4
886	19.568859100341797	4
887	19.54663109779358	4
888	19.782286167144775	4
889	19.634499073028564	4
890	19.936687707901	4
891	19.761109113693237	4
892	20.02876615524292	4
893	19.772994995117188	4
894	19.840377807617188	4
895	19.995991945266724	4
896	19.924312114715576	4
897	19.9734890460968	4
898	20.087050199508667	4
899	20.0610089302063	4
900	20.18320322036743	4
901	20.214823246002197	4
902	20.287326097488403	4
903	20.22386407852173	4
904	20.3301260471344	4
905	20.319299936294556	4
906	20.46005415916443	4
907	20.4405300617218	4
908	20.642194986343384	4
909	20.599616050720215	4
910	20.66354513168335	4
911	20.584839820861816	4
912	20.65689516067505	4
913	20.7918860912323	4
914	20.694169998168945	4
915	20.74102020263672	4
916	20.862479209899902	4
917	20.929054975509644	4
918	20.92275309562683	4
919	21.019062995910645	4
920	21.203397035598755	4
921	21.096601247787476	4
922	21.08740997314453	4
923	21.31561589241028	4
924	21.295366764068604	4
925	21.442188024520874	4
926	21.248379945755005	4
927	21.367347955703735	4
928	21.46000385284424	4
929	21.57876491546631	4
930	21.453120708465576	4
931	21.51228904724121	4
932	21.630703926086426	4
933	21.80862307548523	4
934	21.741945028305054	4
935	21.917099952697754	4
936	21.75070095062256	4
937	21.82554292678833	4
938	21.95807695388794	4
939	22.088293075561523	4
940	21.98788094520569	4
941	22.020988702774048	4
942	22.241639375686646	4
943	22.251127004623413	4
944	22.280452728271484	4
945	22.36805486679077	4
946	22.316093921661377	4
947	22.570470809936523	4
948	22.4987211227417	4
949	22.510973930358887	4
950	22.536262035369873	4
951	22.54789924621582	4
952	22.700828313827515	4
953	22.883902311325073	4
954	22.616807222366333	4
955	22.710039138793945	4
956	22.710299730300903	4
957	22.780142068862915	4
958	22.84729790687561	4
959	22.81821894645691	4
960	23.0369131565094	4
961	22.905637741088867	4
962	22.993335723876953	4
963	22.983870267868042	4
964	23.043320178985596	4
965	23.126760005950928	4
966	23.328142881393433	4
967	23.169507026672363	4
968	23.23809003829956	4
969	23.37076210975647	4
970	23.334349870681763	4
971	23.610222816467285	4
972	23.4077787399292	4
973	23.566002130508423	4
974	23.680987119674683	4
975	23.693037033081055	4
976	23.640792846679688	4
977	23.785733938217163	4
978	23.99701690673828	4
979	23.890482902526855	4
980	23.85048484802246	4
981	23.91107201576233	4
982	23.928464889526367	4
983	23.99643611907959	4
984	24.088156938552856	4
985	24.235366821289062	4
986	24.318042039871216	4
987	24.490759134292603	4
988	24.22585678100586	4
989	24.6376211643219	4
990	24.868746042251587	4
991	24.605069160461426	4
992	24.620931148529053	4
993	24.711856842041016	4
994	24.720212936401367	4
995	24.711480140686035	4
996	24.62288808822632	4
997	24.84911012649536	4
998	24.936336755752563	4
999	24.794383764266968	4
50	0.07275080680847168	5
51	0.07561278343200684	5
52	0.07813405990600586	5
53	0.08081579208374023	5
54	0.08345985412597656	5
55	0.08588695526123047	5
56	0.08939504623413086	5
57	0.09207916259765625	5
58	0.09579896926879883	5
59	0.09864997863769531	5
60	0.10202693939208984	5
61	0.10495591163635254	5
62	0.10825395584106445	5
63	0.11109304428100586	5
64	0.11777210235595703	5
65	0.12053918838500977	5
66	0.12217116355895996	5
67	0.12606406211853027	5
68	0.1293938159942627	5
69	0.13296723365783691	5
70	0.1367506980895996	5
71	0.14016294479370117	5
72	0.14398717880249023	5
73	0.14762496948242188	5
74	0.1523749828338623	5
75	0.1557769775390625	5
76	0.16105127334594727	5
77	0.16403698921203613	5
78	0.16741609573364258	5
79	0.17229604721069336	5
80	0.1759810447692871	5
81	0.18008184432983398	5
82	0.1849820613861084	5
83	0.189666748046875	5
84	0.19334077835083008	5
85	0.19822907447814941	5
86	0.20197010040283203	5
87	0.2094881534576416	5
88	0.21047711372375488	5
89	0.21505308151245117	5
90	0.22229719161987305	5
91	0.224578857421875	5
92	0.23027420043945312	5
93	0.23622393608093262	5
94	0.23897695541381836	5
95	0.24476218223571777	5
96	0.25250983238220215	5
97	0.25621604919433594	5
98	0.25913405418395996	5
99	0.2671828269958496	5
100	0.270205020904541	5
101	0.27469611167907715	5
102	0.2806999683380127	5
103	0.29158902168273926	5
104	0.2909209728240967	5
105	0.29905104637145996	5
106	0.3023390769958496	5
107	0.3074827194213867	5
108	0.31394219398498535	5
109	0.3215632438659668	5
110	0.32425999641418457	5
111	0.32990312576293945	5
112	0.33843088150024414	5
113	0.34389305114746094	5
114	0.34907960891723633	5
115	0.3557319641113281	5
116	0.359699010848999	5
117	0.3668498992919922	5
118	0.3737599849700928	5
119	0.38210296630859375	5
120	0.38446688652038574	5
121	0.3929779529571533	5
122	0.3976290225982666	5
123	0.41083526611328125	5
124	0.41681718826293945	5
125	0.4194800853729248	5
126	0.4232609272003174	5
127	0.43027615547180176	5
128	0.43535399436950684	5
129	0.44237279891967773	5
130	0.452301025390625	5
131	0.46178388595581055	5
132	0.46664905548095703	5
133	0.4744901657104492	5
134	0.4774436950683594	5
135	0.4846920967102051	5
136	0.49193882942199707	5
137	0.5003080368041992	5
138	0.5057008266448975	5
139	0.5153419971466064	5
140	0.5239250659942627	5
141	0.5269911289215088	5
142	0.5348381996154785	5
143	0.5419981479644775	5
144	0.5541479587554932	5
145	0.5583009719848633	5
146	0.5665121078491211	5
147	0.5724830627441406	5
148	0.5784420967102051	5
149	0.5880599021911621	5
150	0.5933740139007568	5
151	0.6041672229766846	5
152	0.6102261543273926	5
153	0.6188960075378418	5
154	0.6322040557861328	5
155	0.6363418102264404	5
156	0.6475329399108887	5
157	0.6555948257446289	5
158	0.6593549251556396	5
159	0.6662709712982178	5
160	0.6797852516174316	5
161	0.6846890449523926	5
162	0.6896450519561768	5
163	0.7039260864257812	5
164	0.713547945022583	5
165	0.714867115020752	5
166	0.7230699062347412	5
167	0.7312719821929932	5
168	0.7390429973602295	5
169	0.7499418258666992	5
170	0.7569849491119385	5
171	0.7656199932098389	5
172	0.7740087509155273	5
173	0.7901298999786377	5
174	0.7956738471984863	5
175	0.8058171272277832	5
176	0.8096377849578857	5
177	0.8206510543823242	5
178	0.8345761299133301	5
179	0.8382110595703125	5
180	0.8462779521942139	5
181	0.861098051071167	5
182	0.8678081035614014	5
183	0.8776671886444092	5
184	0.8852748870849609	5
185	0.8930912017822266	5
186	0.9015710353851318	5
187	0.9131100177764893	5
188	0.9271769523620605	5
189	0.9306716918945312	5
190	0.9444530010223389	5
191	0.9501512050628662	5
192	0.9616470336914062	5
193	1.0009069442749023	5
194	0.9782168865203857	5
195	0.9958012104034424	5
196	1.0015077590942383	5
197	1.01460599899292	5
198	1.0213589668273926	5
199	1.0309619903564453	5
200	1.047914981842041	5
201	1.0602598190307617	5
202	1.0669398307800293	5
203	1.0739367008209229	5
204	1.0904202461242676	5
205	1.0984458923339844	5
206	1.1112060546875	5
207	1.1164050102233887	5
208	1.1357669830322266	5
209	1.1459217071533203	5
210	1.147458791732788	5
211	1.1613669395446777	5
212	1.1755502223968506	5
213	1.1773321628570557	5
214	1.1971919536590576	5
215	1.1998329162597656	5
216	1.2147281169891357	5
217	1.226362943649292	5
218	1.244128942489624	5
219	1.2473769187927246	5
220	1.259227991104126	5
221	1.2712650299072266	5
222	1.2963039875030518	5
223	1.2914130687713623	5
224	1.3093490600585938	5
225	1.3165559768676758	5
226	1.3315958976745605	5
227	1.3425219058990479	5
228	1.348358154296875	5
229	1.3599112033843994	5
230	1.373809814453125	5
231	1.3815958499908447	5
232	1.392319917678833	5
233	1.4051878452301025	5
234	1.4158389568328857	5
235	1.4323320388793945	5
236	1.4486780166625977	5
237	1.4569199085235596	5
238	1.4708936214447021	5
239	1.477470874786377	5
240	1.496074914932251	5
241	1.5005457401275635	5
242	1.5114738941192627	5
243	1.5262038707733154	5
244	1.536494255065918	5
245	1.557737112045288	5
246	1.5689406394958496	5
247	1.5819048881530762	5
248	1.591576099395752	5
249	1.597870111465454	5
250	1.6210439205169678	5
251	1.6289536952972412	5
252	1.6516602039337158	5
253	1.6492490768432617	5
254	1.668076992034912	5
255	1.6723949909210205	5
256	1.7097911834716797	5
257	1.711615800857544	5
258	1.7140202522277832	5
259	1.7294950485229492	5
260	1.7450871467590332	5
261	1.7608530521392822	5
262	1.7700562477111816	5
263	1.7864110469818115	5
264	1.7900660037994385	5
265	1.8057429790496826	5
266	1.8227150440216064	5
267	1.8536860942840576	5
268	1.8533129692077637	5
269	1.8723409175872803	5
270	1.8721258640289307	5
271	1.9108247756958008	5
272	1.9183368682861328	5
273	1.949899673461914	5
274	1.9417362213134766	5
275	1.965658187866211	5
276	1.9663610458374023	5
277	1.9917197227478027	5
278	1.9878129959106445	5
279	2.0241358280181885	5
280	2.014936923980713	5
281	2.0453341007232666	5
282	2.044700860977173	5
283	2.08837890625	5
284	2.09088397026062	5
285	2.1058590412139893	5
286	2.0967769622802734	5
287	2.133310079574585	5
288	2.1317920684814453	5
289	2.164109945297241	5
290	2.1549558639526367	5
291	2.2036280632019043	5
292	2.1856789588928223	5
293	2.22196102142334	5
294	2.216895818710327	5
295	2.251594066619873	5
296	2.252336025238037	5
297	2.2887978553771973	5
298	2.2776360511779785	5
299	2.326925754547119	5
300	2.304630994796753	5
301	2.338021755218506	5
302	2.3390207290649414	5
303	2.3682758808135986	5
304	2.3687961101531982	5
305	2.4068069458007812	5
306	2.3973190784454346	5
307	2.4543368816375732	5
308	2.4264698028564453	5
309	2.47951602935791	5
310	2.472424030303955	5
311	2.4920530319213867	5
312	2.492825984954834	5
313	2.5030648708343506	5
314	2.523787021636963	5
315	2.540498971939087	5
316	2.550673723220825	5
317	2.569068193435669	5
318	2.5847747325897217	5
319	2.597659111022949	5
320	2.6165659427642822	5
321	2.6412222385406494	5
322	2.65545916557312	5
323	2.669797897338867	5
324	2.693203926086426	5
325	2.7011899948120117	5
326	2.7127628326416016	5
327	2.7406771183013916	5
328	2.757444143295288	5
329	2.773008346557617	5
330	2.7897231578826904	5
331	2.805925130844116	5
332	2.835998058319092	5
333	2.8688011169433594	5
334	2.8474409580230713	5
335	2.8764779567718506	5
336	2.886528968811035	5
337	2.9151439666748047	5
338	2.9209580421447754	5
339	2.938211679458618	5
340	2.94744610786438	5
341	2.9755170345306396	5
342	3.0076887607574463	5
343	3.0185887813568115	5
344	3.0207161903381348	5
345	3.03871488571167	5
346	3.0580668449401855	5
347	3.0821518898010254	5
348	3.098266839981079	5
349	3.1120171546936035	5
350	3.126999855041504	5
351	3.1467647552490234	5
352	3.1755001544952393	5
353	3.2022809982299805	5
354	3.192457914352417	5
355	3.2121620178222656	5
356	3.245150089263916	5
357	3.268515110015869	5
358	3.284226894378662	5
359	3.2912650108337402	5
360	3.3053078651428223	5
361	3.3658008575439453	5
362	3.345871925354004	5
363	3.3905839920043945	5
364	3.3897488117218018	5
365	3.405003070831299	5
366	3.4151110649108887	5
367	3.438276767730713	5
368	3.474078893661499	5
369	3.4798097610473633	5
370	3.5017220973968506	5
371	3.5203850269317627	5
372	3.5288569927215576	5
373	3.5509986877441406	5
374	3.5659847259521484	5
375	3.5928001403808594	5
376	3.609729051589966	5
377	3.6242940425872803	5
378	3.6432859897613525	5
379	3.6685690879821777	5
380	3.6897871494293213	5
381	3.6442019939422607	5
382	3.664289712905884	5
383	3.688072919845581	5
384	3.7142550945281982	5
385	3.7168760299682617	5
386	3.7413060665130615	5
387	3.765933036804199	5
388	3.786466121673584	5
389	3.8046562671661377	5
390	3.8192429542541504	5
391	3.8513379096984863	5
392	3.861915111541748	5
393	3.877891778945923	5
394	3.9046688079833984	5
395	3.914336919784546	5
396	3.9310081005096436	5
397	3.9516420364379883	5
398	3.9815919399261475	5
399	4.007894992828369	5
400	4.0062761306762695	5
401	4.032932281494141	5
402	4.071035146713257	5
403	4.100307941436768	5
404	4.096938133239746	5
405	4.112917900085449	5
406	4.133562088012695	5
407	4.157656908035278	5
408	4.165614128112793	5
409	4.189074993133545	5
410	4.2192230224609375	5
411	4.224846839904785	5
412	4.2674479484558105	5
413	4.269352197647095	5
414	4.284695148468018	5
415	4.308229923248291	5
416	4.367411851882935	5
417	4.358637094497681	5
418	4.389096260070801	5
419	4.414351940155029	5
420	4.424160003662109	5
421	4.477616310119629	5
422	4.459257125854492	5
423	4.480678081512451	5
424	4.503938913345337	5
425	4.513412714004517	5
426	4.548407793045044	5
427	4.5633039474487305	5
428	4.5785980224609375	5
429	4.63623309135437	5
430	4.64407205581665	5
431	4.650930881500244	5
432	4.671597957611084	5
433	4.698709964752197	5
434	4.716379880905151	5
435	4.729429006576538	5
436	4.751322031021118	5
437	4.769982099533081	5
438	4.80623197555542	5
439	4.849354267120361	5
440	4.838351726531982	5
441	4.8732640743255615	5
442	4.886590957641602	5
443	4.9267802238464355	5
444	4.918421983718872	5
445	4.948683738708496	5
446	4.971858978271484	5
447	4.989413022994995	5
448	5.007453918457031	5
449	5.066359043121338	5
450	5.1084418296813965	5
451	5.075613975524902	5
452	5.115619897842407	5
453	5.127436876296997	5
454	5.206298112869263	5
455	5.1807191371917725	5
456	5.206885814666748	5
457	5.218261957168579	5
458	5.25857400894165	5
459	5.270777225494385	5
460	5.289315223693848	5
461	5.317399024963379	5
462	5.3303608894348145	5
463	5.378412961959839	5
464	5.399493932723999	5
465	5.403066873550415	5
466	5.433962106704712	5
467	5.446238994598389	5
468	5.487875938415527	5
469	5.51054310798645	5
470	5.508375883102417	5
471	5.562450885772705	5
472	5.557492017745972	5
473	5.594187021255493	5
474	5.60902214050293	5
475	5.628098964691162	5
476	5.7113940715789795	5
477	5.7473061084747314	5
478	5.700678110122681	5
479	5.743924856185913	5
480	5.744013071060181	5
481	5.819356918334961	5
482	5.826535940170288	5
483	5.833149194717407	5
484	5.900129079818726	5
485	5.896014928817749	5
486	5.905547857284546	5
487	5.988320827484131	5
488	5.94434666633606	5
489	6.0170979499816895	5
490	6.001305103302002	5
491	6.036303997039795	5
492	6.039381980895996	5
493	6.080872058868408	5
494	6.132191896438599	5
495	6.133018970489502	5
496	6.162803888320923	5
497	6.172948122024536	5
498	6.19167423248291	5
499	6.236828327178955	5
500	6.235512733459473	5
501	6.269529104232788	5
502	6.284970998764038	5
503	6.361876010894775	5
504	6.359813213348389	5
505	6.3676838874816895	5
506	6.50107479095459	5
507	6.4654693603515625	5
508	6.4674272537231445	5
509	6.497971057891846	5
510	6.589383840560913	5
511	6.544475793838501	5
512	6.559503078460693	5
513	6.630360126495361	5
514	6.644209146499634	5
515	6.663296937942505	5
516	6.664498329162598	5
517	6.743458032608032	5
518	6.709196090698242	5
519	6.760615825653076	5
520	6.762778043746948	5
521	6.783595085144043	5
522	6.799201011657715	5
523	6.840977191925049	5
524	6.8725738525390625	5
525	6.912854909896851	5
526	6.911951065063477	5
527	6.943918943405151	5
528	6.989309787750244	5
529	7.01155424118042	5
530	7.026993989944458	5
531	7.119449138641357	5
532	7.095566987991333	5
533	7.137905836105347	5
534	7.147510766983032	5
535	7.180306911468506	5
536	7.189364910125732	5
537	7.204447269439697	5
538	7.240046977996826	5
539	7.278733015060425	5
540	7.3182148933410645	5
541	7.371488809585571	5
542	7.377652168273926	5
543	7.396483898162842	5
544	7.416581153869629	5
545	7.4160590171813965	5
546	7.449968099594116	5
547	7.477419137954712	5
548	7.5017781257629395	5
549	7.619201183319092	5
550	7.561338186264038	5
551	7.809849739074707	5
552	7.649402856826782	5
553	7.662621974945068	5
554	7.731464385986328	5
555	7.7006871700286865	5
556	7.7438201904296875	5
557	7.814101219177246	5
558	7.817385196685791	5
559	7.805324077606201	5
560	7.86295485496521	5
561	7.8693623542785645	5
562	7.897632837295532	5
563	7.914772272109985	5
564	7.949814081192017	5
565	7.99819278717041	5
566	8.058037042617798	5
567	8.032851934432983	5
568	8.100651979446411	5
569	8.128073930740356	5
570	8.131152153015137	5
571	8.179497957229614	5
572	8.24204683303833	5
573	8.201789855957031	5
574	8.24281907081604	5
575	8.250704765319824	5
576	8.27913498878479	5
577	8.301429986953735	5
578	8.338115692138672	5
579	8.394078016281128	5
580	8.39682674407959	5
581	8.42055606842041	5
582	8.457648277282715	5
583	8.516163110733032	5
584	8.523913145065308	5
585	8.52957010269165	5
586	8.57367992401123	5
587	8.60150694847107	5
588	8.626460313796997	5
589	8.674941778182983	5
590	8.702813148498535	5
591	8.70821213722229	5
592	8.746969938278198	5
593	8.836425065994263	5
594	8.823765993118286	5
595	8.822442054748535	5
596	8.881165981292725	5
597	8.883543729782104	5
598	8.934802293777466	5
599	8.95504379272461	5
600	9.009044885635376	5
601	9.035393953323364	5
602	9.055837154388428	5
603	9.239635944366455	5
604	9.21100378036499	5
605	9.192808866500854	5
606	9.21309494972229	5
607	9.234426736831665	5
608	9.262305974960327	5
609	9.30094599723816	5
610	9.347352027893066	5
611	9.340603828430176	5
612	9.391420125961304	5
613	9.421361923217773	5
614	9.433984994888306	5
615	9.49253511428833	5
616	9.567156076431274	5
617	9.571112155914307	5
618	9.628077030181885	5
619	9.716215133666992	5
620	9.689291954040527	5
621	9.659034729003906	5
622	9.737972021102905	5
623	9.743243932723999	5
624	9.796159982681274	5
625	9.817095756530762	5
626	9.875090837478638	5
627	9.853366136550903	5
628	9.960955142974854	5
629	9.978478193283081	5
630	10.029587030410767	5
631	10.043986082077026	5
632	10.058633089065552	5
633	10.018516063690186	5
634	10.072272300720215	5
635	10.055476903915405	5
636	10.154072046279907	5
637	10.252217054367065	5
638	10.175471782684326	5
639	10.2184579372406	5
640	10.272493839263916	5
641	10.258846044540405	5
642	10.296733856201172	5
643	10.323101282119751	5
644	10.360925912857056	5
645	10.398972034454346	5
646	10.442959785461426	5
647	10.460697174072266	5
648	10.496089935302734	5
649	10.51738715171814	5
650	10.546133995056152	5
651	10.577636241912842	5
652	10.614976167678833	5
653	10.64155101776123	5
654	10.691385984420776	5
655	10.7294180393219	5
656	10.752399206161499	5
657	10.807119846343994	5
658	10.825886964797974	5
659	10.818200826644897	5
660	10.922889947891235	5
661	10.912384986877441	5
662	10.929013013839722	5
663	10.948821783065796	5
664	11.04121994972229	5
665	11.010296106338501	5
666	11.09632396697998	5
667	11.126065015792847	5
668	11.136799097061157	5
669	11.182510137557983	5
670	11.232973098754883	5
671	11.24724006652832	5
672	11.262348175048828	5
673	11.308268070220947	5
674	11.360152006149292	5
675	11.385012149810791	5
676	11.415591955184937	5
677	11.441167831420898	5
678	11.473752975463867	5
679	11.476280212402344	5
680	11.538084983825684	5
681	11.581174850463867	5
682	11.630843877792358	5
683	11.628408193588257	5
684	11.74944806098938	5
685	11.728965282440186	5
686	11.756908893585205	5
687	11.83867597579956	5
688	11.903430938720703	5
689	11.858548879623413	5
690	11.933623790740967	5
691	12.012900114059448	5
692	12.047568082809448	5
693	12.004431962966919	5
694	12.087278842926025	5
695	12.093492984771729	5
696	12.125963926315308	5
697	12.170019149780273	5
698	12.182621955871582	5
699	12.212764978408813	5
700	12.285169124603271	5
701	12.298110008239746	5
702	12.368611097335815	5
703	12.378592014312744	5
704	12.409033060073853	5
705	12.462969779968262	5
706	12.524458885192871	5
707	12.521644830703735	5
708	12.55359673500061	5
709	12.577420949935913	5
710	12.651549339294434	5
711	12.646363973617554	5
712	12.706278085708618	5
713	12.733699798583984	5
714	12.741121053695679	5
715	12.970834970474243	5
716	12.944129943847656	5
717	12.900818824768066	5
718	12.931898832321167	5
719	12.97685694694519	5
720	12.979895830154419	5
721	13.05415391921997	5
722	13.087570905685425	5
723	13.126858949661255	5
724	13.128367185592651	5
725	13.24049186706543	5
726	13.24911880493164	5
727	13.251386880874634	5
728	13.337836980819702	5
729	13.372331857681274	5
730	13.362133026123047	5
731	13.367295980453491	5
732	13.44309115409851	5
733	13.496104955673218	5
734	13.56270694732666	5
735	13.530349969863892	5
736	13.609542846679688	5
737	13.748363971710205	5
738	13.717454671859741	5
739	13.685752153396606	5
740	13.73785662651062	5
741	13.741760969161987	5
742	13.81867003440857	5
743	13.883010864257812	5
744	13.854737281799316	5
745	13.921844005584717	5
746	13.910352230072021	5
747	13.980952978134155	5
748	13.987296104431152	5
749	14.014606237411499	5
750	14.127984762191772	5
751	14.103793144226074	5
752	14.212898015975952	5
753	14.135661125183105	5
754	14.237736940383911	5
755	14.266508102416992	5
756	14.324672937393188	5
757	14.32306718826294	5
758	14.38092589378357	5
759	14.4219069480896	5
760	14.453245162963867	5
761	14.500122308731079	5
762	14.538626194000244	5
763	14.51734209060669	5
764	14.572931051254272	5
765	14.604252099990845	5
766	14.649395227432251	5
767	14.735191106796265	5
768	14.798664808273315	5
769	14.792761087417603	5
770	14.868974208831787	5
771	14.88725209236145	5
772	14.87867784500122	5
773	14.940026760101318	5
774	14.982396841049194	5
775	14.991661071777344	5
776	15.054511785507202	5
777	15.071681022644043	5
778	15.096481084823608	5
779	15.188957929611206	5
780	15.219871997833252	5
781	15.270565271377563	5
782	15.301024913787842	5
783	15.360930919647217	5
784	15.423147916793823	5
785	15.419405221939087	5
786	15.447448015213013	5
787	15.499638080596924	5
788	15.512317895889282	5
789	15.587738752365112	5
790	15.567795276641846	5
791	15.61020803451538	5
792	15.70703911781311	5
793	15.798534870147705	5
794	15.75803017616272	5
795	15.786689758300781	5
796	15.856904983520508	5
797	15.905800819396973	5
798	15.984062910079956	5
799	16.03346300125122	5
800	16.09688401222229	5
801	15.956422090530396	5
802	16.045950889587402	5
803	16.069915056228638	5
804	16.086480855941772	5
805	16.117887258529663	5
806	16.14313292503357	5
807	16.28252100944519	5
808	16.261024713516235	5
809	16.32141613960266	5
810	16.296138048171997	5
811	16.414278030395508	5
812	16.43382692337036	5
813	16.479121208190918	5
814	16.52188801765442	5
815	16.56446671485901	5
816	16.60783314704895	5
817	16.66042709350586	5
818	16.758742094039917	5
819	16.721766233444214	5
820	16.78268599510193	5
821	16.790578842163086	5
822	16.81485104560852	5
823	16.83928608894348	5
824	16.899041891098022	5
825	17.01308298110962	5
826	16.989197969436646	5
827	17.008091926574707	5
828	17.1177339553833	5
829	17.184590101242065	5
830	17.243680000305176	5
831	17.22758412361145	5
832	17.304765224456787	5
833	17.35197401046753	5
834	17.34338688850403	5
835	17.45873212814331	5
836	17.483067274093628	5
837	17.561755180358887	5
838	17.768224954605103	5
839	17.63313603401184	5
840	17.56913185119629	5
841	17.648563146591187	5
842	17.80979609489441	5
843	17.729610919952393	5
844	17.78999376296997	5
845	17.7885799407959	5
846	18.067929983139038	5
847	17.980100870132446	5
848	17.953534841537476	5
849	18.020548105239868	5
850	18.167243003845215	5
851	18.613406896591187	5
852	18.275817155838013	5
853	18.209327697753906	5
854	18.28119397163391	5
855	18.32720422744751	5
856	18.37292194366455	5
857	18.41337776184082	5
858	18.437898874282837	5
859	18.500413179397583	5
860	18.54430389404297	5
861	18.527449131011963	5
862	18.60545516014099	5
863	18.599866151809692	5
864	18.633620023727417	5
865	18.65987992286682	5
866	18.67359209060669	5
867	18.96523880958557	5
868	18.904948949813843	5
869	18.88827896118164	5
870	18.97337508201599	5
871	18.97049617767334	5
872	18.990740060806274	5
873	19.013516902923584	5
874	19.084000825881958	5
875	19.103389978408813	5
876	19.179660081863403	5
877	19.219810009002686	5
878	19.298784971237183	5
879	19.36514902114868	5
880	19.3524649143219	5
881	19.39438509941101	5
882	19.38242769241333	5
883	19.566277027130127	5
884	19.603880882263184	5
885	19.64563012123108	5
886	19.64321494102478	5
887	19.659376859664917	5
888	19.74358606338501	5
889	19.819204092025757	5
890	19.8353590965271	5
891	19.83041000366211	5
892	19.888041973114014	5
893	20.028906106948853	5
894	20.043510913848877	5
895	20.000822067260742	5
896	20.091670989990234	5
897	20.1270010471344	5
898	20.208161115646362	5
899	20.28624200820923	5
900	20.25814199447632	5
901	20.314239978790283	5
902	20.315354824066162	5
903	20.30299997329712	5
904	20.424159049987793	5
905	20.510901927947998	5
906	20.548027992248535	5
907	20.487375736236572	5
908	20.554033756256104	5
909	20.628639221191406	5
910	20.69026207923889	5
911	20.682985067367554	5
912	20.735135078430176	5
913	20.829001903533936	5
914	20.919142961502075	5
915	20.877620935440063	5
916	20.922577381134033	5
917	21.010618686676025	5
918	21.001087188720703	5
919	21.094584941864014	5
920	21.147451162338257	5
921	21.21511697769165	5
922	21.29249382019043	5
923	21.3719322681427	5
924	21.352925062179565	5
925	21.41185998916626	5
926	21.62970805168152	5
927	21.61844801902771	5
928	21.56063723564148	5
929	21.707985162734985	5
930	21.69620680809021	5
931	21.755228757858276	5
932	21.712905168533325	5
933	21.859336853027344	5
934	21.877535104751587	5
935	21.995635986328125	5
936	21.942131280899048	5
937	22.08073878288269	5
938	22.02407193183899	5
939	22.128082990646362	5
940	22.132007837295532	5
941	22.268500089645386	5
942	22.28900122642517	5
943	22.52099585533142	5
944	22.544530868530273	5
945	22.500865936279297	5
946	22.461567878723145	5
947	22.51744294166565	5
948	22.643432140350342	5
949	22.72572922706604	5
950	22.6921808719635	5
951	22.782986164093018	5
952	22.83344531059265	5
953	22.853421926498413	5
954	22.80930805206299	5
955	22.88375234603882	5
956	22.89087986946106	5
957	23.0300509929657	5
958	23.05225920677185	5
959	23.09554886817932	5
960	23.04228711128235	5
961	23.144731998443604	5
962	23.15362310409546	5
963	23.314332246780396	5
964	23.256779670715332	5
965	23.28185796737671	5
966	23.28581690788269	5
967	23.460947275161743	5
968	23.48491883277893	5
969	23.614478826522827	5
970	23.52500009536743	5
971	23.681729078292847	5
972	23.79112195968628	5
973	23.786433935165405	5
974	23.84916090965271	5
975	23.895318746566772	5
976	23.965697050094604	5
977	23.90415906906128	5
978	24.081231117248535	5
979	24.024573802947998	5
980	24.186633348464966	5
981	24.14476490020752	5
982	24.243541955947876	5
983	24.294813871383667	5
984	24.469111680984497	5
985	24.56977105140686	5
986	24.587927103042603	5
987	24.62925624847412	5
988	24.596142053604126	5
989	24.707446098327637	5
990	24.785053253173828	5
991	24.806265115737915	5
992	24.997843980789185	5
993	25.054229021072388	5
994	25.02816390991211	5
995	25.063015937805176	5
996	25.058165788650513	5
997	25.286307096481323	5
998	25.37450408935547	5
999	25.418171882629395	5
50	0.07282376289367676	6
51	0.0757601261138916	6
52	0.07904195785522461	6
53	0.08469605445861816	6
54	0.08414220809936523	6
55	0.08602595329284668	6
56	0.09027886390686035	6
57	0.0933980941772461	6
58	0.09558773040771484	6
59	0.09927892684936523	6
60	0.10274815559387207	6
61	0.10581111907958984	6
62	0.10814380645751953	6
63	0.11095190048217773	6
64	0.11480188369750977	6
65	0.11940765380859375	6
66	0.12282085418701172	6
67	0.12607288360595703	6
68	0.13010215759277344	6
69	0.13298821449279785	6
70	0.13730621337890625	6
71	0.15590572357177734	6
72	0.15267205238342285	6
73	0.1484990119934082	6
74	0.15189003944396973	6
75	0.15658068656921387	6
76	0.1602628231048584	6
77	0.16422009468078613	6
78	0.16832995414733887	6
79	0.17258810997009277	6
80	0.1765131950378418	6
81	0.1804349422454834	6
82	0.18576574325561523	6
83	0.18967199325561523	6
84	0.19353175163269043	6
85	0.19820594787597656	6
86	0.2038259506225586	6
87	0.20891499519348145	6
88	0.21388959884643555	6
89	0.2153170108795166	6
90	0.22319388389587402	6
91	0.23483586311340332	6
92	0.23902201652526855	6
93	0.235792875289917	6
94	0.24062013626098633	6
95	0.2455759048461914	6
96	0.24907803535461426	6
97	0.2526378631591797	6
98	0.2608070373535156	6
99	0.26574015617370605	6
100	0.2705237865447998	6
101	0.27568697929382324	6
102	0.2824699878692627	6
103	0.2860698699951172	6
104	0.29233813285827637	6
105	0.2987329959869385	6
106	0.3098461627960205	6
107	0.30726099014282227	6
108	0.31424403190612793	6
109	0.32038283348083496	6
110	0.32434511184692383	6
111	0.3319427967071533	6
112	0.33581113815307617	6
113	0.3434901237487793	6
114	0.3472592830657959	6
115	0.3556809425354004	6
116	0.35968685150146484	6
117	0.3834211826324463	6
118	0.3756442070007324	6
119	0.3799607753753662	6
120	0.38603901863098145	6
121	0.3904712200164795	6
122	0.39661216735839844	6
123	0.4053659439086914	6
124	0.4082357883453369	6
125	0.418381929397583	6
126	0.42468905448913574	6
127	0.4528970718383789	6
128	0.43767404556274414	6
129	0.4446132183074951	6
130	0.4511909484863281	6
131	0.4582078456878662	6
132	0.4652128219604492	6
133	0.46822690963745117	6
134	0.4776880741119385	6
135	0.5075669288635254	6
136	0.49437403678894043	6
137	0.5000720024108887	6
138	0.5024712085723877	6
139	0.5141489505767822	6
140	0.5197908878326416	6
141	0.5271003246307373	6
142	0.5358836650848389	6
143	0.5497140884399414	6
144	0.549483060836792	6
145	0.5533840656280518	6
146	0.5646381378173828	6
147	0.5715770721435547	6
148	0.5795409679412842	6
149	0.6060800552368164	6
150	0.6013240814208984	6
151	0.6049039363861084	6
152	0.6113667488098145	6
153	0.619952917098999	6
154	0.6211040019989014	6
155	0.6521868705749512	6
156	0.6509113311767578	6
157	0.6513259410858154	6
158	0.6497468948364258	6
159	0.6641600131988525	6
160	0.6761231422424316	6
161	0.7090146541595459	6
162	0.6926748752593994	6
163	0.7023129463195801	6
164	0.7079718112945557	6
165	0.7117128372192383	6
166	0.7702028751373291	6
167	0.7318980693817139	6
168	0.7432279586791992	6
169	0.7521688938140869	6
170	0.7583179473876953	6
171	0.7956690788269043	6
172	0.7809097766876221	6
173	0.7873759269714355	6
174	0.7957220077514648	6
175	0.7954907417297363	6
176	0.8560600280761719	6
177	0.8200948238372803	6
178	0.8333339691162109	6
179	0.8400180339813232	6
180	0.8501560688018799	6
181	0.8941588401794434	6
182	0.8670122623443604	6
183	0.8774759769439697	6
184	0.8889682292938232	6
185	0.929990291595459	6
186	0.8954570293426514	6
187	0.9181818962097168	6
188	0.9138901233673096	6
189	0.9625449180603027	6
190	0.9555730819702148	6
191	0.950232744216919	6
192	0.9639492034912109	6
193	0.983936071395874	6
194	0.977837085723877	6
195	1.0043728351593018	6
196	0.9938859939575195	6
197	1.0229160785675049	6
198	1.0275609493255615	6
199	1.0375471115112305	6
200	1.043839931488037	6
201	1.0603163242340088	6
202	1.0522596836090088	6
203	1.0733649730682373	6
204	1.0999066829681396	6
205	1.09592604637146	6
206	1.1060359477996826	6
207	1.1052541732788086	6
208	1.1577117443084717	6
209	1.1398169994354248	6
210	1.147402048110962	6
211	1.1797020435333252	6
212	1.169499158859253	6
213	1.1760072708129883	6
214	1.2001729011535645	6
215	1.2233600616455078	6
216	1.2055549621582031	6
217	1.2182650566101074	6
218	1.2597708702087402	6
219	1.2410039901733398	6
220	1.2570881843566895	6
221	1.300670862197876	6
222	1.2851731777191162	6
223	1.2940952777862549	6
224	1.3406710624694824	6
225	1.3036439418792725	6
226	1.327481985092163	6
227	1.3619930744171143	6
228	1.3534581661224365	6
229	1.3642399311065674	6
230	1.4289767742156982	6
231	1.376974105834961	6
232	1.3941168785095215	6
233	1.4494209289550781	6
234	1.4180898666381836	6
235	1.4657258987426758	6
236	1.4493820667266846	6
237	1.458815097808838	6
238	1.5041699409484863	6
239	1.483731985092163	6
240	1.5032110214233398	6
241	1.511789083480835	6
242	1.5172159671783447	6
243	1.5476608276367188	6
244	1.5233900547027588	6
245	1.5726110935211182	6
246	1.5544369220733643	6
247	1.5684447288513184	6
248	1.6211121082305908	6
249	1.6064996719360352	6
250	1.6581931114196777	6
251	1.6294469833374023	6
252	1.6263837814331055	6
253	1.6843419075012207	6
254	1.662079095840454	6
255	1.7055959701538086	6
256	1.6991169452667236	6
257	1.7182068824768066	6
258	1.725417137145996	6
259	1.7297720909118652	6
260	1.7527270317077637	6
261	1.7586820125579834	6
262	1.8096098899841309	6
263	1.7826709747314453	6
264	1.8373990058898926	6
265	1.8141298294067383	6
266	1.868556022644043	6
267	1.8366189002990723	6
268	1.8655269145965576	6
269	1.8682620525360107	6
270	1.913691759109497	6
271	1.8947887420654297	6
272	1.9522829055786133	6
273	1.9164528846740723	6
274	1.968122959136963	6
275	1.937716007232666	6
276	1.986142873764038	6
277	1.9892280101776123	6
278	2.026616096496582	6
279	1.9845178127288818	6
280	2.0456321239471436	6
281	2.0256218910217285	6
282	2.0748918056488037	6
283	2.0623819828033447	6
284	2.0825412273406982	6
285	2.0861799716949463	6
286	2.098273754119873	6
287	2.1203360557556152	6
288	2.1353979110717773	6
289	2.151669979095459	6
290	2.1460249423980713	6
291	2.1797890663146973	6
292	2.201707124710083	6
293	2.230417013168335	6
294	2.218414068222046	6
295	2.228743076324463	6
296	2.264554977416992	6
297	2.2709808349609375	6
298	2.2800750732421875	6
299	2.285141944885254	6
300	2.3091681003570557	6
301	2.511255979537964	6
302	2.345258951187134	6
303	2.369067907333374	6
304	2.384758949279785	6
305	2.3864829540252686	6
306	2.411808967590332	6
307	2.427995204925537	6
308	2.4242238998413086	6
309	2.4552130699157715	6
310	2.4697418212890625	6
311	2.4815123081207275	6
312	2.5054051876068115	6
313	2.517360210418701	6
314	2.535351037979126	6
315	2.537097930908203	6
316	2.5563220977783203	6
317	2.5833399295806885	6
318	2.583040952682495	6
319	2.6170449256896973	6
320	2.6321768760681152	6
321	2.6357688903808594	6
322	2.64723801612854	6
323	2.666093111038208	6
324	2.676563024520874	6
325	2.694502830505371	6
326	2.7257442474365234	6
327	2.7452809810638428	6
328	2.777690887451172	6
329	2.785369873046875	6
330	2.7897162437438965	6
331	2.7929301261901855	6
332	2.8242201805114746	6
333	2.8756637573242188	6
334	2.858928918838501	6
335	2.8894550800323486	6
336	2.915976047515869	6
337	2.904459238052368	6
338	2.9383838176727295	6
339	2.9802329540252686	6
340	2.949260950088501	6
341	2.981074333190918	6
342	2.9915239810943604	6
343	3.005686044692993	6
344	3.0274810791015625	6
345	3.044989824295044	6
346	3.0597968101501465	6
347	3.139462947845459	6
348	3.1018917560577393	6
349	3.1092689037323	6
350	3.1445090770721436	6
351	3.146651029586792	6
352	3.1820428371429443	6
353	3.22894287109375	6
354	3.210418939590454	6
355	3.224087953567505	6
356	3.255955934524536	6
357	3.2544751167297363	6
358	3.2934772968292236	6
359	3.308603286743164	6
360	3.307047128677368	6
361	3.3576767444610596	6
362	3.349086046218872	6
363	3.375235080718994	6
364	3.4045891761779785	6
365	3.4317758083343506	6
366	3.441555976867676	6
367	3.457951068878174	6
368	3.4866750240325928	6
369	3.4714810848236084	6
370	3.5171701908111572	6
371	3.544448137283325	6
372	3.5383121967315674	6
373	3.5811970233917236	6
374	3.587691068649292	6
375	3.6125400066375732	6
376	3.6185426712036133	6
377	3.6304478645324707	6
378	3.642270088195801	6
379	3.6914689540863037	6
380	3.725285291671753	6
381	3.6906471252441406	6
382	3.7692112922668457	6
383	3.7781827449798584	6
384	3.8085570335388184	6
385	3.8296239376068115	6
386	3.810292959213257	6
387	3.864323854446411	6
388	3.8718416690826416	6
389	3.9073679447174072	6
390	3.9354240894317627	6
391	3.9672749042510986	6
392	3.9760749340057373	6
393	3.987504243850708	6
394	4.00574517250061	6
395	4.03763222694397	6
396	4.056262016296387	6
397	4.081500768661499	6
398	4.080610990524292	6
399	4.100327014923096	6
400	4.130079030990601	6
401	4.102004051208496	6
402	4.1600518226623535	6
403	4.190637111663818	6
404	4.219083070755005	6
405	4.258738994598389	6
406	4.2596259117126465	6
407	4.2636637687683105	6
408	4.308319091796875	6
409	4.3559730052948	6
410	4.3176047801971436	6
411	4.3564066886901855	6
412	4.391232013702393	6
413	4.362837076187134	6
414	4.390275001525879	6
415	4.4085869789123535	6
416	4.465747117996216	6
417	4.434083938598633	6
418	4.475456953048706	6
419	4.529836893081665	6
420	4.543865203857422	6
421	4.5559468269348145	6
422	4.5868120193481445	6
423	4.598155975341797	6
424	4.649039030075073	6
425	4.6460559368133545	6
426	4.718634128570557	6
427	4.677201747894287	6
428	4.709857702255249	6
429	4.745290040969849	6
430	4.77901291847229	6
431	4.787627935409546	6
432	4.892214059829712	6
433	4.812198162078857	6
434	4.8746607303619385	6
435	4.925617933273315	6
436	4.88780403137207	6
437	4.952485799789429	6
438	4.962566137313843	6
439	4.949910879135132	6
440	4.982703924179077	6
441	5.025392770767212	6
442	5.011750936508179	6
443	5.032018184661865	6
444	5.022852897644043	6
445	5.066054821014404	6
446	5.0687267780303955	6
447	5.135927677154541	6
448	5.131698131561279	6
449	5.201263189315796	6
450	5.179028034210205	6
451	5.19505500793457	6
452	5.222028970718384	6
453	5.256194114685059	6
454	5.267375230789185	6
455	5.27674126625061	6
456	5.2979888916015625	6
457	5.337159872055054	6
458	5.35320782661438	6
459	5.38224983215332	6
460	5.423841953277588	6
461	5.450896263122559	6
462	5.439249753952026	6
463	5.492431163787842	6
464	5.506903886795044	6
465	5.496807336807251	6
466	5.546037912368774	6
467	5.556046009063721	6
468	5.546838045120239	6
469	5.615391969680786	6
470	5.635124921798706	6
471	5.66576886177063	6
472	5.682740926742554	6
473	5.720537185668945	6
474	5.726275205612183	6
475	5.750814914703369	6
476	5.78157901763916	6
477	5.8111488819122314	6
478	5.820573806762695	6
479	5.8521409034729	6
480	5.883695840835571	6
481	5.915755033493042	6
482	5.985193967819214	6
483	5.962069988250732	6
484	5.9710845947265625	6
485	5.988339185714722	6
486	6.01665472984314	6
487	6.053258895874023	6
488	6.044548034667969	6
489	6.122625112533569	6
490	6.13471794128418	6
491	6.150789022445679	6
492	6.19865083694458	6
493	6.156928062438965	6
494	6.213291645050049	6
495	6.226659059524536	6
496	6.2686607837677	6
497	6.279244899749756	6
498	6.33195424079895	6
499	6.346524953842163	6
500	6.404961824417114	6
501	6.406278133392334	6
502	6.4341230392456055	6
503	6.443291187286377	6
504	6.446326017379761	6
505	6.492449045181274	6
506	6.518899917602539	6
507	6.559712886810303	6
508	6.556800603866577	6
509	6.608988046646118	6
510	6.63724422454834	6
511	6.647684812545776	6
512	6.662146091461182	6
513	6.697081089019775	6
514	6.722556829452515	6
515	6.731923818588257	6
516	6.765974998474121	6
517	6.777152061462402	6
518	6.839494943618774	6
519	6.898608207702637	6
520	6.8770670890808105	6
521	6.913840055465698	6
522	6.946838140487671	6
523	6.95464301109314	6
524	6.963299036026001	6
525	7.012771844863892	6
526	7.050044059753418	6
527	7.057594060897827	6
528	7.097508907318115	6
529	7.131651878356934	6
530	7.125074148178101	6
531	7.172677755355835	6
532	7.220422029495239	6
533	7.223635911941528	6
534	7.280754804611206	6
535	7.278934001922607	6
536	7.2967071533203125	6
537	7.350212097167969	6
538	7.378232717514038	6
539	7.3746209144592285	6
540	7.423627138137817	6
541	7.451668977737427	6
542	7.456284999847412	6
543	7.510655879974365	6
544	7.556006193161011	6
545	7.544983148574829	6
546	7.570030927658081	6
547	7.614216089248657	6
548	7.662259101867676	6
549	7.660217761993408	6
550	7.686290979385376	6
551	7.711338996887207	6
552	7.740249156951904	6
553	7.768495798110962	6
554	7.785348176956177	6
555	7.790090084075928	6
556	7.837605953216553	6
557	7.890918970108032	6
558	7.935565948486328	6
559	7.902318000793457	6
560	7.988065958023071	6
561	8.011101961135864	6
562	7.9952709674835205	6
563	8.090842962265015	6
564	8.096516847610474	6
565	8.150264978408813	6
566	8.157946109771729	6
567	8.175381183624268	6
568	8.198733806610107	6
569	8.217029809951782	6
570	8.217822074890137	6
571	8.248743772506714	6
572	8.302825927734375	6
573	8.351326942443848	6
574	8.376594066619873	6
575	8.401773929595947	6
576	8.402029991149902	6
577	8.457746982574463	6
578	8.460659980773926	6
579	8.505784034729004	6
580	8.528360843658447	6
581	8.553561210632324	6
582	8.601233959197998	6
583	8.619959115982056	6
584	8.661394357681274	6
585	8.660128831863403	6
586	8.712687969207764	6
587	8.7191801071167	6
588	8.763246059417725	6
589	8.752272129058838	6
590	8.836014032363892	6
591	8.86751103401184	6
592	8.88639211654663	6
593	8.88772988319397	6
594	8.927161931991577	6
595	8.953397035598755	6
596	8.990168809890747	6
597	9.069869041442871	6
598	9.0760178565979	6
599	9.073506116867065	6
600	9.114360094070435	6
601	9.11953616142273	6
602	9.195764064788818	6
603	9.2149178981781	6
604	9.2185378074646	6
605	9.28869080543518	6
606	9.329888105392456	6
607	9.37322187423706	6
608	9.323662042617798	6
609	9.41237497329712	6
610	9.459123849868774	6
611	9.416383266448975	6
612	9.437245845794678	6
613	9.50272512435913	6
614	9.515918970108032	6
615	9.56158709526062	6
616	9.58032512664795	6
617	9.635696172714233	6
618	9.666054248809814	6
619	9.634407043457031	6
620	9.708187818527222	6
621	9.798458814620972	6
622	9.77411675453186	6
623	9.800825834274292	6
624	9.838336944580078	6
625	9.804303884506226	6
626	9.852305889129639	6
627	9.95132303237915	6
628	9.967544078826904	6
629	10.090313911437988	6
630	10.012914180755615	6
631	9.99734616279602	6
632	10.069024801254272	6
633	10.136802196502686	6
634	10.154619932174683	6
635	10.205361127853394	6
636	10.467816829681396	6
637	10.46284818649292	6
638	10.519875764846802	6
639	10.450196027755737	6
640	10.40356993675232	6
641	10.407228946685791	6
642	10.428728103637695	6
643	10.41639494895935	6
644	10.424479246139526	6
645	10.546687126159668	6
646	10.528609037399292	6
647	10.56903600692749	6
648	10.607681035995483	6
649	10.634335994720459	6
650	10.689318895339966	6
651	10.741587162017822	6
652	10.738534212112427	6
653	10.772172689437866	6
654	10.776351928710938	6
655	10.805597066879272	6
656	10.930354833602905	6
657	10.904648780822754	6
658	10.931632041931152	6
659	10.956155776977539	6
660	10.988525867462158	6
661	11.008355855941772	6
662	11.038347005844116	6
663	11.105456352233887	6
664	11.131356000900269	6
665	11.211651086807251	6
666	11.328407049179077	6
667	11.194025993347168	6
668	11.283661127090454	6
669	11.273075103759766	6
670	11.319439888000488	6
671	11.369470834732056	6
672	11.384576082229614	6
673	11.41285514831543	6
674	11.403884172439575	6
675	11.50487995147705	6
676	11.506439924240112	6
677	11.584866046905518	6
678	11.567826986312866	6
679	11.61290979385376	6
680	11.631211996078491	6
681	11.705815076828003	6
682	11.74837589263916	6
683	11.735079050064087	6
684	11.801589012145996	6
685	11.823142766952515	6
686	11.847934007644653	6
687	11.892974138259888	6
688	11.892868995666504	6
689	11.981886863708496	6
690	11.981542110443115	6
691	12.065824031829834	6
692	12.096160173416138	6
693	12.200085163116455	6
694	12.173846006393433	6
695	12.169793128967285	6
696	12.202917098999023	6
697	12.222541093826294	6
698	12.282552242279053	6
699	12.327572107315063	6
700	12.348247766494751	6
701	12.367068767547607	6
702	12.402112007141113	6
703	12.435883045196533	6
704	12.477760076522827	6
705	12.546775102615356	6
706	12.575034856796265	6
707	12.657896041870117	6
708	12.66455602645874	6
709	12.678632020950317	6
710	12.893553256988525	6
711	13.043722867965698	6
712	13.106277227401733	6
713	13.04475998878479	6
714	13.06215500831604	6
715	13.144774913787842	6
716	13.138713121414185	6
717	13.195770978927612	6
718	13.164366960525513	6
719	13.235589027404785	6
720	13.239725112915039	6
721	13.31402587890625	6
722	13.341334819793701	6
723	13.387024879455566	6
724	13.364386081695557	6
725	13.42084789276123	6
726	13.502856969833374	6
727	13.462827920913696	6
728	13.536826133728027	6
729	13.56938910484314	6
730	13.596471071243286	6
731	13.614394903182983	6
732	13.73006534576416	6
733	13.733716011047363	6
734	13.810808897018433	6
735	13.878692865371704	6
736	13.83960485458374	6
737	13.894613027572632	6
738	13.930721998214722	6
739	13.978137969970703	6
740	13.964823722839355	6
741	14.04951810836792	6
742	14.080647945404053	6
743	14.05816912651062	6
744	14.144954919815063	6
745	14.144481897354126	6
746	14.193357706069946	6
747	14.303273916244507	6
748	14.242140054702759	6
749	14.287829875946045	6
750	14.396086931228638	6
751	14.458424806594849	6
752	14.419794082641602	6
753	14.529518127441406	6
754	14.484912872314453	6
755	14.590035915374756	6
756	14.608658790588379	6
757	14.594010829925537	6
758	14.6944100856781	6
759	14.74570107460022	6
760	14.787590026855469	6
761	14.769598960876465	6
762	14.840784311294556	6
763	14.854843854904175	6
764	14.858803033828735	6
765	14.892205953598022	6
766	14.949172973632812	6
767	15.018675088882446	6
768	15.068226099014282	6
769	15.071322202682495	6
770	15.113735914230347	6
771	15.186640977859497	6
772	15.20982575416565	6
773	15.229803800582886	6
774	15.271540880203247	6
775	15.365541934967041	6
776	15.369834184646606	6
777	15.416679859161377	6
778	15.434859037399292	6
779	15.475708961486816	6
780	15.510051965713501	6
781	15.602112770080566	6
782	15.587959051132202	6
783	15.620380163192749	6
784	15.635593175888062	6
785	15.707530975341797	6
786	15.826090097427368	6
787	15.811283826828003	6
788	15.90415072441101	6
789	15.90575909614563	6
790	15.991075038909912	6
791	16.017307996749878	6
792	16.051270961761475	6
793	16.062380075454712	6
794	16.1474928855896	6
795	16.15032982826233	6
796	16.183534860610962	6
797	16.388633966445923	6
798	16.326789140701294	6
799	16.34387493133545	6
800	16.347352981567383	6
801	16.456310033798218	6
802	16.509347915649414	6
803	16.530620098114014	6
804	16.584272861480713	6
805	16.681294918060303	6
806	16.6590359210968	6
807	16.675721883773804	6
808	16.735206127166748	6
809	16.775490045547485	6
810	16.779866933822632	6
811	16.88827896118164	6
812	17.090409994125366	6
813	16.94882607460022	6
814	16.953071117401123	6
815	17.122327089309692	6
816	17.072314023971558	6
817	17.102878093719482	6
818	17.146008014678955	6
819	17.164325952529907	6
820	17.224710941314697	6
821	17.23514699935913	6
822	17.298775672912598	6
823	17.232085704803467	6
824	17.362879991531372	6
825	17.444719076156616	6
826	17.454265832901	6
827	17.45700979232788	6
828	17.532814741134644	6
829	17.537692070007324	6
830	17.590852737426758	6
831	17.657804012298584	6
832	17.649471044540405	6
833	17.71914005279541	6
834	17.79807996749878	6
835	17.813565015792847	6
836	17.914132833480835	6
837	17.93301010131836	6
838	17.978166818618774	6
839	18.034118175506592	6
840	18.007900953292847	6
841	18.066869974136353	6
842	18.08772897720337	6
843	18.13331699371338	6
844	18.18676209449768	6
845	18.243595838546753	6
846	18.265167236328125	6
847	18.324578046798706	6
848	18.33109402656555	6
849	18.458070993423462	6
850	18.46058964729309	6
851	18.487691164016724	6
852	18.48707914352417	6
853	18.586139917373657	6
854	18.673776149749756	6
855	18.633955001831055	6
856	18.739515781402588	6
857	18.779207944869995	6
858	18.815545797348022	6
859	18.848803758621216	6
860	18.870194911956787	6
861	18.912702083587646	6
862	19.01976203918457	6
863	19.009227991104126	6
864	19.02349615097046	6
865	19.166369199752808	6
866	19.279664039611816	6
867	19.22446298599243	6
868	19.256091833114624	6
869	19.273612022399902	6
870	19.31914710998535	6
871	19.438193321228027	6
872	19.555755138397217	6
873	19.543630123138428	6
874	19.60140299797058	6
875	19.633198976516724	6
876	19.641215801239014	6
877	19.710509061813354	6
878	19.708728075027466	6
879	19.779919862747192	6
880	19.817330837249756	6
881	19.87561273574829	6
882	19.859253644943237	6
883	19.90976095199585	6
884	19.968717098236084	6
885	20.07196283340454	6
886	20.118580102920532	6
887	20.162556886672974	6
888	20.117061138153076	6
889	20.154032230377197	6
890	20.30051302909851	6
891	20.28344225883484	6
892	20.217281103134155	6
893	20.432709217071533	6
894	20.391584873199463	6
895	20.40442180633545	6
896	20.510496139526367	6
897	20.593801975250244	6
898	20.507004022598267	6
899	20.71896505355835	6
900	20.778135061264038	6
901	20.79223895072937	6
902	20.700793981552124	6
903	21.00648307800293	6
904	20.952826976776123	6
905	21.017759799957275	6
906	21.01155996322632	6
907	21.07020854949951	6
908	21.11763596534729	6
909	21.19930100440979	6
910	21.29358696937561	6
911	21.33810305595398	6
912	21.29266595840454	6
913	21.382884740829468	6
914	21.095568895339966	6
915	21.10302495956421	6
916	21.2242488861084	6
917	21.234968185424805	6
918	21.290313005447388	6
919	21.307506799697876	6
920	21.365034103393555	6
921	21.41382884979248	6
922	21.41153883934021	6
923	21.50849676132202	6
924	21.51129913330078	6
925	21.608399152755737	6
926	21.59136390686035	6
927	21.663976907730103	6
928	21.72877597808838	6
929	21.819788932800293	6
930	21.831601858139038	6
931	21.864686012268066	6
932	21.847140073776245	6
933	22.023839950561523	6
934	21.878854990005493	6
935	21.895716905593872	6
936	21.88922095298767	6
937	21.944557189941406	6
938	21.971405029296875	6
939	22.01092791557312	6
940	22.10566806793213	6
941	22.107324838638306	6
942	22.154369115829468	6
943	22.21459722518921	6
944	22.31719398498535	6
945	22.282647132873535	6
946	22.36975622177124	6
947	22.396198987960815	6
948	22.431594133377075	6
949	22.476426124572754	6
950	22.53319501876831	6
951	22.588364124298096	6
952	22.654576778411865	6
953	22.691415786743164	6
954	22.7171688079834	6
955	22.746023178100586	6
956	22.82484793663025	6
957	22.860387086868286	6
958	22.9329571723938	6
959	22.980186939239502	6
960	23.143962860107422	6
961	23.082518815994263	6
962	23.126371145248413	6
963	23.39774799346924	6
964	23.961246013641357	6
965	23.383720874786377	6
966	23.31429100036621	6
967	23.387621879577637	6
968	23.41869592666626	6
969	23.478010177612305	6
970	23.521174669265747	6
971	23.558331966400146	6
972	23.610979795455933	6
973	23.668877124786377	6
974	23.70979905128479	6
975	23.76837992668152	6
976	23.912869930267334	6
977	23.905253171920776	6
978	23.915236234664917	6
979	23.982301950454712	6
980	24.04629397392273	6
981	24.373843908309937	6
982	24.1721830368042	6
983	24.194005012512207	6
984	24.231248140335083	6
985	24.473411083221436	6
986	24.362600088119507	6
987	24.435086965560913	6
988	24.461302042007446	6
989	24.583250045776367	6
990	24.650584936141968	6
991	24.691742181777954	6
992	24.74118709564209	6
993	24.815253973007202	6
994	24.842644929885864	6
995	24.936386108398438	6
996	24.98577308654785	6
997	25.083417892456055	6
998	25.153470993041992	6
999	25.19637393951416	6
